FPR@95,AUROC,AUPR_IN,AUPR_OUT,ACC
42.91111111111111,88.87251790123457,89.36385900915573,86.97060148363866,95.22222222222221
34.22222222222222,90.48995537305558,92.22769060125162,86.80806366592029,95.22222222222221
38.56666666666666,89.68123663714508,90.79577480520368,86.88933257477947,95.22222222222221
23.655555555555555,92.53119873015874,78.69189070698972,98.26716132471333,95.22222222222221
23.455555555555556,91.69511199890734,87.20700544826279,95.58443465869219,95.22222222222221
27.266666666666666,92.84086485421591,95.68036602626437,87.73117521597105,95.22222222222221
31.166666666666664,90.40213224732048,78.99379072728048,96.26967614116926,95.22222222222221
26.38611111111111,91.86732695765062,85.14326322719934,94.46311183513646,95.22222222222221
