FPR@95,AUROC,AUPR_IN,AUPR_OUT,ACC
43.24444444444445,89.10078580246913,89.12956820602618,87.45930208803719,95.22222222222221
35.15555555555556,90.9355732352396,92.50924460114011,87.65141526531744,95.22222222222221
39.2,90.01817951885437,90.81940640358314,87.55535867667732,95.22222222222221
21.977777777777778,93.70187714285714,80.54409022451682,98.53627325043975,95.22222222222221
22.72222222222222,92.14187111589155,87.8513969193499,95.79502794885659,95.22222222222221
26.744444444444444,93.1093439716312,95.86809386683875,88.28364132246276,95.22222222222221
31.1,90.72502312512827,78.22568550129725,96.46442389443882,95.22222222222221
25.63611111111111,92.41952883887703,85.62231662800069,94.76984160404947,95.22222222222221
