FPR@95,AUROC,AUPR_IN,AUPR_OUT,ACC
82.07777777777778,65.27411888888889,64.25858683090591,62.524875145919765,77.16666666666666
62.588888888888896,72.43289746994925,81.37259384598823,58.876653568989255,77.16666666666666
72.33333333333334,68.85350817941907,72.81559033844707,60.7007643574545,77.16666666666666
67.5,70.93562746031746,40.58435377394179,93.4108424835964,77.16666666666666
61.24444444444445,70.18359326982176,59.91553312120818,81.51161310927522,77.16666666666666
63.27777777777778,75.99246059889676,84.60284038445529,63.04969884637992,77.16666666666666
69.56666666666666,70.09377971226193,48.68434977822197,87.20103251883964,77.16666666666666
65.39722222222221,71.80136526032447,58.44676926445681,81.29329673952279,77.16666666666666
