FPR@95,AUROC,AUPR_IN,AUPR_OUT,ACC
89.06666666666668,55.04585277777778,54.361474162789435,54.13092814143896,77.16666666666666
81.10000000000001,62.438577314672926,71.84007769300874,49.638367630774425,77.16666666666666
85.08333333333333,58.742215046225354,63.100775927899086,51.88464788610669,77.16666666666666
65.12222222222222,69.89041666666667,41.74161596600576,92.3106751374409,77.16666666666666
69.94444444444444,68.42803515331558,53.70422537034918,81.73592526678803,77.16666666666666
69.82222222222222,73.14237391646967,82.3538312450783,58.39118139345574,77.16666666666666
85.73333333333333,58.15353355902315,32.105087669617056,81.61554987321246,77.16666666666666
72.65555555555557,67.40358982386876,52.476190062762576,78.51333291772427,77.16666666666666
